review,sentiment
"Me encantó este producto, es increíble",positive
"El servicio fue terrible, no lo recomiendo",negative
"Calidad excepcional, muy satisfecho con mi compra",positive
"No funcionó como esperaba, decepcionante",negative
"Buen precio y buena calidad, excelente",positive
"Muy mala experiencia, no volveré a comprar aquí",negative
"Rápida entrega y el producto cumple con lo prometido",positive
"El material se siente barato y frágil, no lo recomiendo",negative
"Superó mis expectativas, lo volvería a comprar",positive
"El paquete llegó dañado y tardó mucho en llegar",negative
"Atención al cliente muy amable y resolvieron mi problema",positive
"Prometieron una cosa y enviaron otra, muy mal",negative
"El diseño es hermoso y funciona perfecto",positive
"No vale lo que cuesta, muy decepcionado",negative
"Fácil de usar y muy práctico, justo lo que necesitaba",positive
"Demasiado complicado de instalar, instrucciones confusas",negative
"La calidad es impresionante para el precio que tiene",positive
"No cargaba bien desde el primer día, mala experiencia",negative
"Buena relación calidad-precio, satisfecho con la compra",positive
"Me enviaron un color diferente al que pedí, muy molesto",negative
"Durabilidad increíble, lo tengo hace meses y sigue como nuevo",positive
"Servicio al cliente pésimo, no solucionaron mi problema",negative
"Todo perfecto, llegó antes de lo esperado y en buen estado",positive
"La talla no corresponde con la descripción, muy pequeño",negative
"Es justo lo que necesitaba, encantado con la compra",positive
"Producto defectuoso, dejó de funcionar en poco tiempo",negative
"Funciona mejor de lo que esperaba, muy recomendable",positive
"La batería dura muy poco, no es lo que esperaba",negative
"Me sorprendió la calidad, parece un producto premium",positive
"El olor del material es desagradable, no lo recomiendo",negative
"Fácil de configurar y usar, muy práctico",positive
"Servicio de entrega lento y poco eficiente",negative
"Vale cada centavo, calidad insuperable",positive
"El empaque llegó roto, mala experiencia",negative
"Muy cómodo y ligero, perfecto para el día a día",positive
"El producto venía con piezas faltantes, decepcionante",negative
"El sonido es excelente, ideal para música",positive
"No cumple con lo que promete la descripción",negative
"Resistente y bien construido, parece duradero",positive
"La conexión es inestable, se desconecta constantemente",negative
"Gran inversión, vale totalmente la pena",positive
"Se rompió después de poco uso, muy mala calidad",negative
"Atención rápida y resolvieron mi problema sin complicaciones",positive
"Colores diferentes a los de la imagen, no me gustó",negative
"Perfecto para lo que necesitaba, buena compra",positive
"Muy pequeño para lo que esperaba, decepcionado",negative
"Regalo ideal, a la persona le encantó",positive
"No trae las características que mencionaban en la web",negative
"Funciona sin problemas, hasta ahora todo bien",positive
"El cable es muy corto, difícil de usar",negative
"Buena construcción, materiales resistentes y duraderos",positive
"Tuve que devolverlo, no era lo que pedí",negative
"Pantalla de excelente calidad, imágenes nítidas",positive
"Los botones son difíciles de presionar, incómodo de usar",negative
"Todo funciona a la perfección, muy recomendable",positive
"El manual de instrucciones es confuso, difícil de entender",negative